domain,city,business_name,phone,address_line1,postcode,areas_radius_miles
BlockedDrainsAberdeen.co.uk,Aberdeen,Blocked Drains Aberdeen,0800 611 8150,1 Berry Street,AB25 1HF,20
blockeddrainsinaldershot.co.uk,Aldershot,Blocked Drains in Aldershot,0800 30 77 008,14-40 Victoria Rd,GU11 1TQ,20
plumbersbasildon247.co.uk,Basildon,Plumbers Basildon 247,01268 744500,7 High Pavement,SS14 1EA,20
plumbersbasingstoke.co.uk,Basingstoke,Plumbers Basingstoke,01256 840777,35/41 Essex Road,RG21 7TB,20
PlumbersBournemouth247.co.uk,Bournemouth,Plumbers Bournemouth 247,,10 Poole Hill,BH2 5PS,20
DrainBustersBurnley.co.uk,Burnley,Drain Busters Burnley,+44 (0) 207 100 2121,Elm Street Business Park,BB10 1PD,20
burtonupontrentplumbers.co.uk,Burton upon Trent,Burtonupontrent Plumbers,,Curzon Street,DE14 2DH,20
plumberschelmsford247.co.uk,Chelmsford,Plumbers Chelmsford 247,01245 203555,"Criterion House, 40 Parkway",CM2 7PN,20
emergencyplumbercolchester.co.uk,Colchester,Emergency Plumber Colchester,01206 548833,1 George Williams Way,CO1 2JS,20
PlumbErinDarlington.co.uk,Darlington,Plumb Er in Darl in Gton,+44 (0) 207 100 2121,20 Woodland Road,DL3 7PL,20
drainclearancedoncaster.co.uk,Doncaster,Drain Clearance Doncaster,01302 36 86 86,22–28 Wood Street,DN1 3LW,20
blockeddrainscleareddundee.co.uk,Dundee,Blocked Drains Cleared Dundee,01382 225517,18 South Tay Street,DD1 1PD,20
emergencyplumberexeter.co.uk,Exeter,Emergency Plumber Exeter,,48 Queen Street,EX4 3SR,20
